﻿1;texto1;2020-06-27;CORRIGIDA;13;51
2;texto2;2020-05-19;NOVA;55;57
3;texto3;2020-05-03;CORRIGIDA;22;77
4;texto4;2020-08-29;NOVA;98;39
5;texto5;2020-04-28;CORRIGIDA;95;83
6;texto6;2020-07-17;APROVADA;15;93
7;texto7;2020-02-16;APROVADA;76;49
8;texto8;2020-04-14;NOVA;54;59
9;texto9;2020-06-07;CORRIGIDA;92;47
10;texto10;2020-08-18;CORRIGIDA;51;32
11;texto11;2020-08-05;NOVA;87;19
12;texto12;2020-01-27;APROVADA;39;71
13;texto13;2020-06-07;NOVA;19;31
14;texto14;2020-07-26;CORRIGIDA;15;5
15;texto15;2020-07-14;NOVA;3;53
16;texto16;2020-08-11;NOVA;12;28
17;texto17;2020-08-18;APROVADA;94;32
18;texto18;2020-08-28;APROVADA;14;99
19;texto19;2020-05-15;NOVA;79;71
20;texto20;2020-01-31;APROVADA;61;84
21;texto21;2020-05-05;CORRIGIDA;1;51
22;texto22;2020-02-25;APROVADA;44;32
23;texto23;2020-08-22;CORRIGIDA;51;45
24;texto24;2020-02-12;CORRIGIDA;8;79
25;texto25;2020-04-22;NOVA;42;67
26;texto26;2020-08-09;NOVA;92;32
27;texto27;2020-06-05;APROVADA;31;51
28;texto28;2020-05-30;NOVA;84;65
29;texto29;2020-05-11;APROVADA;18;63
30;texto30;2020-04-16;APROVADA;45;57
31;texto31;2020-04-28;NOVA;5;82
32;texto32;2020-08-18;APROVADA;47;85
33;texto33;2020-04-12;NOVA;71;16
34;texto34;2020-01-01;APROVADA;41;33
35;texto35;2020-08-25;NOVA;29;17
36;texto36;2020-02-02;APROVADA;61;32
37;texto37;2020-03-21;NOVA;89;76
38;texto38;2020-02-08;APROVADA;19;55
39;texto39;2020-07-11;NOVA;76;8
40;texto40;2020-02-05;CORRIGIDA;81;9
41;texto41;2020-05-20;NOVA;83;22
42;texto42;2020-02-05;NOVA;56;36
43;texto43;2020-05-31;NOVA;53;43
44;texto44;2020-07-17;APROVADA;54;77
45;texto45;2020-06-09;CORRIGIDA;88;29
46;texto46;2020-07-28;CORRIGIDA;66;16
47;texto47;2020-01-29;CORRIGIDA;51;49
48;texto48;2020-07-10;CORRIGIDA;61;62
49;texto49;2020-07-09;APROVADA;79;87
50;texto50;2020-02-08;CORRIGIDA;94;83
51;texto51;2020-05-03;NOVA;11;68
52;texto52;2020-01-04;CORRIGIDA;49;17
53;texto53;2020-06-23;NOVA;2;39
54;texto54;2020-06-15;APROVADA;26;61
55;texto55;2020-04-06;NOVA;28;25
56;texto56;2020-04-07;NOVA;45;61
57;texto57;2020-07-26;APROVADA;39;75
58;texto58;2020-08-03;CORRIGIDA;41;22
59;texto59;2020-04-21;CORRIGIDA;51;11
60;texto60;2020-08-24;APROVADA;3;34
61;texto61;2020-01-30;APROVADA;19;41
62;texto62;2020-02-08;CORRIGIDA;14;81
63;texto63;2020-06-15;APROVADA;43;97
64;texto64;2020-03-31;NOVA;78;63
65;texto65;2020-07-05;APROVADA;94;38
66;texto66;2020-03-15;NOVA;81;88
67;texto67;2020-04-10;NOVA;26;81
68;texto68;2020-05-12;CORRIGIDA;24;28
69;texto69;2020-08-16;CORRIGIDA;9;1
70;texto70;2020-07-07;APROVADA;72;44
71;texto71;2020-02-15;APROVADA;93;44
72;texto72;2020-04-15;NOVA;8;63
73;texto73;2020-02-10;NOVA;58;88
74;texto74;2020-07-25;CORRIGIDA;8;85
75;texto75;2020-08-08;NOVA;16;27
76;texto76;2020-04-23;APROVADA;19;85
77;texto77;2020-08-06;APROVADA;18;25
78;texto78;2020-02-12;CORRIGIDA;53;37
79;texto79;2020-01-11;NOVA;31;96
80;texto80;2020-01-08;NOVA;2;72
81;texto81;2020-07-12;CORRIGIDA;19;36
82;texto82;2020-02-11;NOVA;25;95
83;texto83;2020-05-28;CORRIGIDA;81;1
84;texto84;2020-06-02;APROVADA;11;44
85;texto85;2020-07-21;CORRIGIDA;25;92
86;texto86;2020-06-22;NOVA;57;77
87;texto87;2020-03-17;NOVA;11;13
88;texto88;2020-05-27;APROVADA;38;18
89;texto89;2020-04-05;CORRIGIDA;8;1
90;texto90;2020-08-29;APROVADA;64;18
91;texto91;2020-05-17;NOVA;37;2
92;texto92;2020-08-19;APROVADA;41;44
93;texto93;2020-08-02;APROVADA;41;42
94;texto94;2020-07-09;CORRIGIDA;26;55
95;texto95;2020-08-13;APROVADA;68;1
96;texto96;2020-01-09;CORRIGIDA;49;77
97;texto97;2020-06-20;CORRIGIDA;56;49
98;texto98;2020-04-11;APROVADA;32;71
99;texto99;2020-08-20;CORRIGIDA;68;96
100;texto100;2020-08-26;APROVADA;78;46
101;novo texto;2020-07-21;CORRIGIDA;10;44
102;novo texto2;2020-07-21;CORRIGIDA;10;44
103;novo texto3;2020-07-21;APROVADA;10;38
104;novo texto4;2020-07-23;APROVADA;10;38
